First Name [Required],Last Name [Required],Email Address [Required],Password [Required]
Apps,Store,"noreply.mailservicestore18971@burung-jalak-ohara.business
",11111111
Apps,Store,"noreply.mailservicestore18972@burung-jalak-ohara.business
",11111111
Apps,Store,"noreply.mailservicestore18973@burung-jalak-ohara.business
",11111111
Apps,Store,"noreply.mailservicestore18974@burung-jalak-ohara.business
",11111111
Apps,Store,"noreply.mailservicestore18975@burung-jalak-ohara.business
",11111111
Apps,Store,"noreply.mailservicestore18976@burung-jalak-ohara.business
",11111111
Apps,Store,"noreply.mailservicestore18977@burung-jalak-ohara.business
",11111111
Apps,Store,"noreply.mailservicestore18978@burung-jalak-ohara.business
",11111111
Apps,Store,"noreply.mailservicestore18979@burung-jalak-ohara.business
",11111111
Apps,Store,"noreply.mailservicestore189710@burung-jalak-ohara.business
",11111111
Apps,Store,"noreply.mailservicestore189711@burung-jalak-ohara.business
",11111111
Apps,Store,"noreply.mailservicestore189712@burung-jalak-ohara.business
",11111111
Apps,Store,"noreply.mailservicestore189713@burung-jalak-ohara.business
",11111111
Apps,Store,"noreply.mailservicestore189714@burung-jalak-ohara.business
",11111111
Apps,Store,"noreply.mailservicestore189715@burung-jalak-ohara.business
",11111111
Apps,Store,"noreply.mailservicestore189716@burung-jalak-ohara.business
",11111111
Apps,Store,"noreply.mailservicestore189717@burung-jalak-ohara.business
",11111111
Apps,Store,"noreply.mailservicestore189718@burung-jalak-ohara.business
",11111111
Apps,Store,"noreply.mailservicestore189719@burung-jalak-ohara.business
",11111111
Apps,Store,"noreply.mailservicestore189720@burung-jalak-ohara.business
",11111111
